{
    "mae": 2.562057960189767,
    "rmse": 3.579346150413351,
    "r2": 0.7499378283808265
}